[{"timestamp": "2023-06-16 12:32:10", "username": "grisou.", "discriminator": "0", "user_id": "655048415264374794", "new_status": "dnd"}, {"timestamp": "2023-06-16 12:32:10", "username": "grisou.", "discriminator": "0", "user_id": "655048415264374794", "new_status": "dnd"}, {"timestamp": "2023-06-16 12:37:51", "username": "grisou.", "discriminator": "0", "user_id": "655048415264374794", "new_status": "dnd"}, {"timestamp": "2023-06-16 13:10:25", "username": "grisou.", "discriminator": "0", "user_id": "655048415264374794", "new_status": "dnd"}, {"timestamp": "2023-06-16 13:10:25", "username": "grisou.", "discriminator": "0", "user_id": "655048415264374794", "new_status": "dnd"}, {"timestamp": "2023-06-16 13:10:25", "username": "grisou.", "discriminator": "0", "user_id": "655048415264374794", "new_status": "dnd"}, {"timestamp": "2023-06-16 13:10:25", "username": "grisou.", "discriminator": "0", "user_id": "655048415264374794", "new_status": "dnd"}, {"timestamp": "2023-06-16 18:15:03", "username": "grisou.", "discriminator": "0", "user_id": "655048415264374794", "new_status": "dnd"}, {"timestamp": "2023-06-16 18:17:51", "username": "grisou.", "discriminator": "0", "user_id": "655048415264374794", "new_status": "dnd"}, {"timestamp": "2023-06-16 18:27:48", "username": "grisou.", "discriminator": "0", "user_id": "655048415264374794", "new_status": "dnd"}, {"timestamp": "2023-06-16 18:27:58", "username": "grisou.", "discriminator": "0", "user_id": "655048415264374794", "new_status": "dnd"}, {"timestamp": "2023-06-16 19:24:08", "username": "grisou.", "discriminator": "0", "user_id": "655048415264374794", "new_status": "dnd"}, {"timestamp": "2023-06-16 19:40:21", "username": "grisou.", "discriminator": "0", "user_id": "655048415264374794", "new_status": "dnd"}, {"timestamp": "2023-06-16 19:51:22", "username": "grisou.", "discriminator": "0", "user_id": "655048415264374794", "new_status": "dnd"}, {"timestamp": "2023-06-17 17:36:41", "username": "grisou.", "discriminator": "0", "user_id": "655048415264374794", "new_status": "dnd"}, {"timestamp": "2023-06-17 17:40:24", "username": "grisou.", "discriminator": "0", "user_id": "655048415264374794", "new_status": "dnd"}, {"timestamp": "2023-06-17 19:10:23", "username": "grisou.", "discriminator": "0", "user_id": "655048415264374794", "new_status": "dnd"}, {"timestamp": "2023-06-17 19:10:23", "username": "grisou.", "discriminator": "0", "user_id": "655048415264374794", "new_status": "dnd"}, {"timestamp": "2023-06-17 19:10:24", "username": "grisou.", "discriminator": "0", "user_id": "655048415264374794", "new_status": "dnd"}, {"timestamp": "2023-06-17 19:35:59", "username": "grisou.", "discriminator": "0", "user_id": "655048415264374794", "new_status": "dnd"}, {"timestamp": "2023-06-17 19:35:59", "username": "grisou.", "discriminator": "0", "user_id": "655048415264374794", "new_status": "dnd"}, {"timestamp": "2023-06-17 19:35:59", "username": "grisou.", "discriminator": "0", "user_id": "655048415264374794", "new_status": "dnd"}, {"timestamp": "2023-06-17 19:35:59", "username": "grisou.", "discriminator": "0", "user_id": "655048415264374794", "new_status": "dnd"}, {"timestamp": "2023-06-17 21:55:38", "username": "grisou.", "discriminator": "0", "user_id": "655048415264374794", "new_status": "dnd"}, {"timestamp": "2023-06-17 21:55:38", "username": "grisou.", "discriminator": "0", "user_id": "655048415264374794", "new_status": "dnd"}, {"timestamp": "2023-06-17 21:55:38", "username": "grisou.", "discriminator": "0", "user_id": "655048415264374794", "new_status": "dnd"}, {"timestamp": "2023-06-17 21:55:49", "username": "grisou.", "discriminator": "0", "user_id": "655048415264374794", "new_status": "dnd"}, {"timestamp": "2023-06-17 21:55:49", "username": "grisou.", "discriminator": "0", "user_id": "655048415264374794", "new_status": "dnd"}, {"timestamp": "2023-06-17 22:11:08", "username": "grisou.", "discriminator": "0", "user_id": "655048415264374794", "new_status": "dnd"}, {"timestamp": "2023-06-17 22:11:08", "username": "grisou.", "discriminator": "0", "user_id": "655048415264374794", "new_status": "dnd"}, {"timestamp": "2023-06-17 22:11:08", "username": "grisou.", "discriminator": "0", "user_id": "655048415264374794", "new_status": "dnd"}, {"timestamp": "2023-06-17 22:37:19", "username": "grisou.", "user_id": "655048415264374794", "new_status": "dnd"}, {"timestamp": "2023-06-17 23:11:08", "user_id": "655048415264374794", "new_status": "dnd"}, {"timestamp": "2023-06-17 23:18:02", "user_id": "655048415264374794", "new_status": "dnd"}, {"timestamp": "2023-06-17 23:18:02", "user_id": "655048415264374794", "new_status": "dnd"}, {"timestamp": "2023-06-17 23:18:02", "user_id": "655048415264374794", "new_status": "dnd"}, {"timestamp": "2023-06-17 23:18:02", "user_id": "655048415264374794", "new_status": "dnd"}, {"timestamp": "2023-06-17 23:27:12", "user_id": "655048415264374794", "new_status": "dnd"}, {"timestamp": "2023-06-17 23:36:52", "user_id": "655048415264374794", "new_status": "dnd"}, {"timestamp": "2023-06-17 23:36:52", "user_id": "655048415264374794", "new_status": "dnd"}, {"timestamp": "2023-06-17 23:36:52", "user_id": "655048415264374794", "new_status": "dnd"}, {"timestamp": "2023-06-17 23:47:21", "user_id": "655048415264374794", "new_status": "dnd"}, {"timestamp": "2023-06-17 23:47:21", "user_id": "655048415264374794", "new_status": "dnd"}, {"timestamp": "2023-06-17 23:54:46", "user_id": "655048415264374794", "new_status": "dnd"}, {"timestamp": "2023-06-17 23:54:46", "user_id": "655048415264374794", "new_status": "dnd"}, {"timestamp": "2023-06-17 23:54:46", "user_id": "655048415264374794", "new_status": "dnd"}, {"timestamp": "2023-06-18 00:04:41", "user_id": "655048415264374794", "new_status": "dnd"}, {"timestamp": "2023-06-18 00:04:41", "user_id": "655048415264374794", "new_status": "dnd"}, {"timestamp": "2023-06-18 00:04:41", "user_id": "655048415264374794", "new_status": "dnd"}, {"timestamp": "2023-06-18 00:04:41", "user_id": "655048415264374794", "new_status": "dnd"}, {"timestamp": "2023-06-18 00:09:06", "user_id": "655048415264374794", "new_status": "dnd"}, {"timestamp": "2023-06-18 00:09:06", "user_id": "655048415264374794", "new_status": "dnd"}]